{
  "total_papers": 519,
  "pct_with_source": 0.9441,
  "pct_with_sections": 0.9538,
  "pct_pdf_fallback": 0.0019,
  "average_sections_per_paper": 28.52,
  "average_sentences_per_paper": 464.19,
  "weak_section_papers": [
    "arxiv:2401.16158v2",
    "arxiv:2503.22020v1",
    "arxiv:2504.04348v2",
    "arxiv:2408.04682v2",
    "arxiv:2311.09476v2",
    "arxiv:2405.16887",
    "arxiv:2405.12209v1",
    "arxiv:2405.18346",
    "arxiv:2410.12837",
    "arxiv:2502.17419v6",
    "arxiv:2304.06597",
    "arxiv:2206.10498v4",
    "arxiv:2504.12477",
    "arxiv:2411.10440v6",
    "arxiv:2403.00840",
    "arxiv:2504.07934v3",
    "arxiv:2504.05599v2",
    "arxiv:2503.07693",
    "arxiv:2505.14677v3",
    "arxiv:2501.06715",
    "arxiv:2505.03785",
    "arxiv:2304.11490",
    "arxiv:2306.16092v2",
    "arxiv:2410.06172",
    "arxiv:2403.08944",
    "arxiv:2504.11468v1",
    "arxiv:2110.09327",
    "arxiv:2604.19298v1",
    "arxiv:2412.10849",
    "arxiv:2505.23281v3",
    "arxiv:2401.04947",
    "arxiv:2603.21447v1",
    "arxiv:2409.12917v2",
    "arxiv:2405.17935v3",
    "arxiv:2406.05804v6",
    "arxiv:2310.01061v2",
    "arxiv:2409.18924",
    "arxiv:2401.17043v3",
    "arxiv:2407.15621",
    "arxiv:2308.07107v5",
    "arxiv:2309.10062v2"
  ]
}